-- phpMyAdmin SQL Dump
-- version 4.9.0.1
-- https://www.phpmyadmin.net/
--
-- Host: 127.0.0.1
-- Generation Time: Mar 17, 2020 at 06:00 PM
-- Server version: 10.4.6-MariaDB
-- PHP Version: 7.3.9

SET SQL_MODE = "NO_AUTO_VALUE_ON_ZERO";
SET AUTOCOMMIT = 0;
START TRANSACTION;
SET time_zone = "+00:00";


/*!40101 SET @OLD_CHARACTER_SET_CLIENT=@@CHARACTER_SET_CLIENT */;
/*!40101 SET @OLD_CHARACTER_SET_RESULTS=@@CHARACTER_SET_RESULTS */;
/*!40101 SET @OLD_COLLATION_CONNECTION=@@COLLATION_CONNECTION */;
/*!40101 SET NAMES utf8mb4 */;

--
-- Database: `vrsupermarket_normal`
--

-- --------------------------------------------------------

--
-- Table structure for table `addresses`
--

CREATE TABLE `addresses` (
  `Address_ID` int(11) NOT NULL,
  `Customer_ID` int(11) NOT NULL,
  `Number` varchar(15) DEFAULT NULL,
  `Street` varchar(40) DEFAULT NULL,
  `Locality` varchar(40) DEFAULT NULL,
  `PINCode` mediumint(8) DEFAULT NULL
) ENGINE=InnoDB DEFAULT CHARSET=latin1;

--
-- Dumping data for table `addresses`
--

INSERT INTO `addresses` (`Address_ID`, `Customer_ID`, `Number`, `Street`, `Locality`, `PINCode`) VALUES
(1, 1, '1', '3rd cross', 'R T Nagar', 560050),
(2, 2, '2', '2nd Main', '5th layout', 560078),
(3, 2, '18', '4th cross', 'JP Nagar', 560034),
(5, 4, '56', '4th cross', '3rd layout', 560025),
(6, 4, '56', '5th cross', 'RR Nagar', 560071),
(7, 5, '19', '3rd b cross', 'BEML Layout', 560012),
(8, 5, '1', '5th main', 'Jayanagar', 560030),
(9, 6, '54', '37th Main', 'Akshayanagar East', 560068),
(10, 7, '24', 'Kuvempu Daari', 'Tavarekere', 560076),
(11, 7, '78', 'Main Street', 'M G Road', 400018),
(12, 3, 'No. 56', '2nd Main', '5th layout', 560078);

-- --------------------------------------------------------

--
-- Table structure for table `admin`
--

CREATE TABLE `admin` (
  `id` int(11) NOT NULL,
  `username` varchar(50) NOT NULL,
  `password` varchar(255) NOT NULL,
  `created_at` datetime DEFAULT current_timestamp()
) ENGINE=InnoDB DEFAULT CHARSET=latin1;

--
-- Dumping data for table `admin`
--

INSERT INTO `admin` (`id`, `username`, `password`, `created_at`) VALUES
(1, 'admin1', '$2y$10$bDXPUDxPt2PhuZcqykAqaeR/Qm7Fhx.kjh.WFouJVeG6kqs.swo06', '2019-11-25 10:43:31'),
(2, 'admin2', '$2y$10$f0UusBE.JUA.N1h.QGH99.kAz1AdClNMCALscgFwZchvPX140OdXK', '2019-11-25 10:52:33');

-- --------------------------------------------------------

--
-- Table structure for table `belongs_to`
--

CREATE TABLE `belongs_to` (
  `Shelf` int(11) UNSIGNED NOT NULL,
  `Section` int(11) DEFAULT NULL,
  `Type` varchar(10) NOT NULL DEFAULT 'Shelf'
) ENGINE=InnoDB DEFAULT CHARSET=latin1;

--
-- Dumping data for table `belongs_to`
--

INSERT INTO `belongs_to` (`Shelf`, `Section`, `Type`) VALUES
(1, 1, 'Shelf'),
(2, 2, 'Shelf'),
(3, 3, 'Shelf'),
(4, 4, 'Shelf'),
(5, 5, 'Shelf'),
(6, 6, 'Shelf'),
(7, 6, 'Floor'),
(8, 6, 'Wall');

-- --------------------------------------------------------

--
-- Table structure for table `billing`
--

CREATE TABLE `billing` (
  `Bill_ID` int(11) NOT NULL,
  `Customer_ID` int(11) DEFAULT NULL,
  `TotalAmt` float DEFAULT NULL,
  `Address` int(11) DEFAULT NULL,
  `Bill_Date` datetime DEFAULT NULL
) ENGINE=InnoDB DEFAULT CHARSET=latin1;

--
-- Dumping data for table `billing`
--

INSERT INTO `billing` (`Bill_ID`, `Customer_ID`, `TotalAmt`, `Address`, `Bill_Date`) VALUES
(1, 4, 124.95, 5, '2019-11-25 11:26:54'),
(2, 4, 134.82, 6, '2019-11-25 11:31:29'),
(3, 5, 832.94, 8, '2019-11-25 11:38:10'),
(4, 4, 636.86, 5, '2019-11-25 11:50:04'),
(5, 7, 274.05, 11, '2019-11-25 12:00:25'),
(6, 4, 24.15, 5, '2019-11-25 12:44:10'),
(7, 7, 2568.95, 11, '2019-11-25 13:01:38'),
(8, 5, 100940, 8, '2019-11-25 13:11:08'),
(9, 7, 23.1, 10, '2019-11-25 15:44:23'),
(10, 4, 6147.16, 6, '2019-11-27 16:49:54'),
(11, 4, 231, 6, '2019-11-28 10:01:52'),
(12, 4, 2134.35, 5, '2019-11-28 12:08:25'),
(13, 4, 2169.35, 5, '2019-11-28 13:05:24'),
(14, 4, 1668.92, 6, '2019-11-29 09:45:03'),
(15, 7, 2593.64, 11, '2019-11-29 15:41:11'),
(16, 4, 304.5, 6, '2019-12-03 10:29:58'),
(17, 4, 939.605, 6, '2019-12-03 11:54:53'),
(18, 1, 318.15, 1, '2020-01-08 15:21:18'),
(19, 7, 189.21, 11, '2020-01-22 14:38:38'),
(20, 7, 505.365, 10, '2020-01-22 14:43:30'),
(21, 7, 24.15, 11, '2020-01-29 14:23:17'),
(22, 4, 468828, 6, '2020-02-11 10:45:11');

-- --------------------------------------------------------

--
-- Table structure for table `cities`
--

CREATE TABLE `cities` (
  `PIN` mediumint(8) NOT NULL,
  `City` varchar(20) NOT NULL
) ENGINE=InnoDB DEFAULT CHARSET=latin1;

--
-- Dumping data for table `cities`
--

INSERT INTO `cities` (`PIN`, `City`) VALUES
(560012, 'Bengaluru'),
(560025, 'Bengaluru'),
(560030, 'Bengaluru'),
(560034, 'Bengaluru'),
(560050, 'Bengaluru'),
(560068, 'Bengaluru'),
(560071, 'Bengaluru'),
(560076, 'Bengaluru'),
(560078, 'Bengaluru'),
(400018, 'Mumbai');

-- --------------------------------------------------------

--
-- Table structure for table `customer`
--

CREATE TABLE `customer` (
  `Customer_ID` int(11) NOT NULL,
  `First_Name` varchar(40) NOT NULL,
  `Last_Name` varchar(40) DEFAULT NULL,
  `Phone_No` varchar(15) NOT NULL,
  `Points` int(11) DEFAULT NULL,
  `Password` varchar(255) NOT NULL
) ENGINE=InnoDB DEFAULT CHARSET=latin1;

--
-- Dumping data for table `customer`
--

INSERT INTO `customer` (`Customer_ID`, `First_Name`, `Last_Name`, `Phone_No`, `Points`, `Password`) VALUES
(1, 'John', 'Smith', '9988776655', 3, '$2y$10$qql8Xem9Ut3s6kQRt7b1xukmdzaELEuaee8ZVHbxUAEc31Dg3Vq5S'),
(2, 'Rohit ', 'Shetty', '9988776644', 0, '$2y$10$Hr1tSFhFwyzn3Mt7LENBGep3TBPy58pkez3GGWBPF75VSnv600usW'),
(3, 'Alia', 'Singh', '1122334456', 0, '$2y$10$8O1N8h4mGiplomojbvccQe.CT1OqytPTHnIjsyjFIEF0TJJLvtTzi'),
(4, 'Ashok', 'Kumar', '9876598765', 4688, '$2y$10$LgOpAAgQUm3fkMvfOscH6eB73eGmMb7L3s6qXMeKu4fOQ.nadPJ7O'),
(5, 'Navika', 'Sharma', '9988776543', 0, '$2y$10$B63sjNLLXwFSW.zSXUTPWO7Cc6RdWuE60uobXPYuY9c9kD98VLl8i'),
(6, 'Lata', 'V', '7753243432', 0, '$2y$10$w.BLBGdCIXsg1ZS97L6sVeQV0.fZ2vtcBZ.mmP9l9I8jJC1Fr1fC2'),
(7, 'Tanya', 'Sharma', '8798794321', 62, '$2y$10$O7wPsJ98QAgcN.kIoSwFoOjYxzqwhY9cVEhH9TSPqxqcJCA0n9fdS');

-- --------------------------------------------------------

--
-- Table structure for table `inventory`
--

CREATE TABLE `inventory` (
  `PID` int(11) NOT NULL,
  `PCode` varchar(10) NOT NULL,
  `Name` varchar(30) NOT NULL,
  `Stock` int(11) UNSIGNED DEFAULT 0,
  `Tax_category` int(11) DEFAULT NULL,
  `Rate` float UNSIGNED DEFAULT NULL,
  `Discount` float UNSIGNED DEFAULT 0,
  `Shelf` int(11) UNSIGNED DEFAULT NULL
) ENGINE=InnoDB DEFAULT CHARSET=latin1;

--
-- Dumping data for table `inventory`
--

INSERT INTO `inventory` (`PID`, `PCode`, `Name`, `Stock`, `Tax_category`, `Rate`, `Discount`, `Shelf`) VALUES
(1, 'P001', 'Golden Apple', 89, 1, 50, 2, 2),
(2, 'P002', 'Orange Juice', 90, 1, 40, 2, 2),
(3, 'P003', 'Cookie', 3, 1, 30, 0, 2),
(4, 'P004', 'Applebox', 30, 1, 200, 5, 1),
(5, 'P005', 'Basketball', 22, 2, 500, 0, 4),
(6, 'P006', 'Bleach', 95, 1, 179, 15, 6),
(7, 'P007', 'Celery', 97, 2, 49, 3, 1),
(8, 'P008', 'Coffee machine', 4, 3, 1958, 0, 6),
(9, 'P009', 'Corn', 98, 1, 35, 0, 1),
(10, 'P010', 'Cricket bat and ball', 92, 2, 600, 0, 4),
(11, 'P011', 'Gift box', 51, 3, 400, 8, 5),
(12, 'P012', 'Microwave', 98, 2, 5000, 10, 6),
(13, 'P013', 'Milk', 23, 1, 23, 0, 2),
(14, 'P014', 'Meat', 93, 2, 400, 5, 3),
(15, 'P015', 'Stove', 29, 1, 5000, 6, 7),
(16, 'P016', 'Pan', 97, 1, 400, 12, 6),
(17, 'P017', 'Potato', 96, 1, 55, 0, 1),
(18, 'P018', 'Russian doll', 35, 3, 320, 5, 5),
(19, 'P019', 'Football', 95, 2, 320, 0, 4),
(20, 'P020', 'Strawberries', 11, 1, 150, 0, 1),
(21, 'P021', 'Superhero figurine', 5, 3, 250, 7, 5),
(22, 'P022', 'Teddy bear', 95, 3, 559, 0, 5),
(23, 'P023', 'Tomatoes', 86, 1, 22, 0, 1),
(24, 'P024', 'Train', 97, 2, 640, 5, 5),
(25, 'P025', 'Tuna', 97, 1, 200, 0, 3),
(26, 'P026', 'Wall Clock', 94, 1, 800, 5, 8),
(27, 'P027', 'Fridge', 92, 2, 80000, 2, 7),
(28, 'P028', 'Rice', 76, 1, 80, 0, 2),
(29, 'P029', 'Flour', 89, 1, 70, 0, 2),
(30, 'P030', 'Fashion Doll', 99, 3, 130, 0, 5),
(31, 'P031', 'Elephant', 98, 3, 400, 0, 5),
(32, 'P032', 'Racecar', 93, 2, 350, 0, 5),
(33, 'P033', 'Butter', 97, 1, 20, 0, 2),
(34, 'P034', 'Ribs', 99, 1, 200, 0, 3),
(35, 'P035', 'Steak', 99, 1, 200, 0, 3),
(36, 'P036', 'Sausage', 99, 1, 200, 0, 3),
(37, 'P037', 'Pork', 99, 1, 200, 0, 3);

-- --------------------------------------------------------

--
-- Table structure for table `orders`
--

CREATE TABLE `orders` (
  `Bill_ID` int(11) NOT NULL,
  `Product_ID` int(11) NOT NULL,
  `Quantity` int(11) DEFAULT NULL,
  `Price` float UNSIGNED NOT NULL
) ENGINE=InnoDB DEFAULT CHARSET=latin1;

--
-- Dumping data for table `orders`
--

INSERT INTO `orders` (`Bill_ID`, `Product_ID`, `Quantity`, `Price`) VALUES
(1, 3, 1, 52.5),
(1, 13, 3, 72.45),
(2, 2, 2, 82.32),
(2, 3, 1, 52.5),
(3, 17, 2, 115.5),
(3, 24, 1, 717.44),
(4, 26, 1, 55.86),
(4, 28, 2, 168),
(4, 32, 1, 413),
(5, 17, 1, 57.75),
(5, 23, 3, 69.3),
(5, 29, 2, 147),
(6, 13, 1, 24.15),
(7, 13, 1, 24.15),
(7, 21, 3, 892.8),
(7, 32, 4, 1652),
(8, 5, 2, 2006),
(8, 15, 1, 4935),
(8, 22, 2, 1431.04),
(8, 26, 1, 55.86),
(8, 27, 1, 92512),
(9, 23, 1, 23.1),
(10, 5, 1, 1003),
(10, 13, 2, 48.3),
(10, 15, 1, 4935),
(10, 26, 1, 55.86),
(10, 28, 1, 84),
(10, 33, 1, 21),
(11, 28, 2, 168),
(11, 33, 3, 63),
(12, 3, 1, 31.5),
(12, 10, 1, 708),
(12, 13, 2, 48.3),
(12, 16, 1, 369.6),
(12, 17, 1, 57.75),
(12, 20, 2, 315),
(12, 21, 1, 297.6),
(12, 23, 1, 23.1),
(12, 25, 1, 210),
(12, 29, 1, 73.5),
(13, 5, 2, 1180),
(13, 13, 1, 24.15),
(13, 19, 2, 755.2),
(13, 25, 1, 210),
(14, 13, 2, 48.3),
(14, 22, 1, 715.52),
(14, 23, 1, 23.1),
(14, 26, 1, 798),
(14, 28, 1, 84),
(15, 10, 1, 708),
(15, 19, 2, 755.2),
(15, 24, 1, 717.44),
(15, 32, 1, 413),
(16, 25, 1, 210),
(16, 29, 1, 73.5),
(16, 33, 1, 21),
(17, 7, 1, 56.0854),
(17, 22, 1, 715.52),
(17, 28, 2, 168),
(18, 13, 1, 24.15),
(18, 29, 4, 294),
(19, 1, 1, 51.45),
(19, 2, 1, 41.16),
(19, 13, 4, 96.6),
(20, 3, 1, 31.5),
(20, 6, 2, 319.515),
(20, 13, 1, 24.15),
(20, 23, 2, 46.2),
(20, 28, 1, 84),
(21, 13, 1, 24.15),
(22, 6, 1, 159.758),
(22, 12, 1, 5310),
(22, 26, 1, 798),
(22, 27, 5, 462560);

-- --------------------------------------------------------

--
-- Table structure for table `sections`
--

CREATE TABLE `sections` (
  `ID` int(11) NOT NULL,
  `Name` varchar(255) NOT NULL
) ENGINE=InnoDB DEFAULT CHARSET=latin1;

--
-- Dumping data for table `sections`
--

INSERT INTO `sections` (`ID`, `Name`) VALUES
(1, 'Fruits and Vegetables'),
(2, 'Packed food'),
(3, 'Meat'),
(4, 'Sports'),
(5, 'Toys'),
(6, 'Kitchen');

-- --------------------------------------------------------

--
-- Table structure for table `states`
--

CREATE TABLE `states` (
  `City` varchar(20) NOT NULL,
  `State` varchar(35) NOT NULL
) ENGINE=InnoDB DEFAULT CHARSET=latin1;

--
-- Dumping data for table `states`
--

INSERT INTO `states` (`City`, `State`) VALUES
('Abhayapuri', 'Assam'),
('Achabbal', 'Jammu and Kashmir'),
('Achhnera', 'Uttar Pradesh'),
('Adalaj', 'Gujarat'),
('Adari', 'Uttar Pradesh'),
('Adilabad', 'Andhra Pradesh'),
('Adityana', 'Gujarat'),
('Adoni', 'Andhra Pradesh'),
('Adoor', 'Kerala'),
('Adra, Purulia', 'West Bengal'),
('Agartala', 'Tripura'),
('Agra', 'Uttar Pradesh'),
('Ahiwara', 'Chhattisgarh'),
('Ahmedabad', 'Gujarat'),
('Ahmedgarh', 'Punjab'),
('Ahmednagar', 'Maharashtra'),
('Aizawl', 'Mizoram'),
('Ajmer', 'Rajasthan'),
('Akaltara', 'Chhattisgarh'),
('Akathiyoor', 'Kerala'),
('Akhnoor', 'Jammu and Kashmir'),
('Akola', 'Maharashtra'),
('Alang', 'Gujarat'),
('Alappuzha', 'Kerala'),
('Aldona', 'Goa'),
('Aligarh', 'Uttar Pradesh'),
('Alipurduar', 'West Bengal'),
('Allahabad', 'Uttar Pradesh'),
('Almora', 'Uttarakhand'),
('Along', 'Arunachal Pradesh'),
('Alwar', 'Rajasthan'),
('Amadalavalasa', 'Andhra Pradesh'),
('Amalapuram', 'Andhra Pradesh'),
('Amarpur', 'Bihar'),
('Ambagarh Chowki', 'Chhattisgarh'),
('Ambaji', 'Gujarat'),
('Ambala', 'Haryana'),
('Ambaliyasan', 'Gujarat'),
('Ambikapur', 'Chhattisgarh'),
('Amguri', 'Assam'),
('Amlabad', 'Jharkhand'),
('Amli', 'Dadra and Nagar Haveli'),
('Amravati', 'Maharashtra'),
('Amreli', 'Gujarat'),
('Amritsar', 'Punjab'),
('Amroha', 'Uttar Pradesh'),
('Anakapalle', 'Andhra Pradesh'),
('Anand', 'Gujarat'),
('Anandapur', 'Orissa'),
('Anandnagaar', 'Assam'),
('Anantapur', 'Andhra Pradesh'),
('Anantnag', 'Jammu and Kashmir'),
('Ancharakandy', 'Kerala'),
('Andada', 'Gujarat'),
('Anjar', 'Gujarat'),
('Anklav', 'Gujarat'),
('Ankleshwar', 'Gujarat'),
('Antaliya', 'Gujarat'),
('Anugul', 'Orissa'),
('Ara', 'Jharkhand'),
('Arakkonam', 'Tamil Nadu'),
('Arambagh', 'West Bengal'),
('Arambhada', 'Gujarat'),
('Arang', 'Chhattisgarh'),
('Araria', 'Bihar'),
('Arasikere', 'Karnataka'),
('Arcot', 'Tamil Nadu'),
('Areraj', 'Bihar'),
('Arki', 'Himachal Pradesh'),
('Arnia', 'Jammu and Kashmir'),
('Aroor', 'Kerala'),
('Arrah', 'Bihar'),
('Aruppukkottai', 'Tamil Nadu'),
('Asankhurd', 'Haryana'),
('Asansol', 'West Bengal'),
('Asarganj', 'Bihar'),
('Ashok Nagar', 'Madhya Pradesh'),
('Ashtamichira', 'Kerala'),
('Asika', 'Orissa'),
('Asola', 'Delhi'),
('Assandh', 'Haryana'),
('Ateli', 'Haryana'),
('Attingal', 'Kerala'),
('Atul', 'Gujarat'),
('Aurangabad', 'Bihar'),
('Avinissery', 'Kerala'),
('Awantipora', 'Jammu and Kashmir'),
('Azamgarh', 'Uttar Pradesh'),
('Babiyal', 'Haryana'),
('Baddi', 'Himachal Pradesh'),
('Bade Bacheli', 'Chhattisgarh'),
('Badepalle', 'Andhra Pradesh'),
('Badharghat', 'Tripura'),
('Bagaha', 'Bihar'),
('Bahadurganj', 'Bihar'),
('Bahadurgarh', 'Haryana'),
('Baharampur', 'West Bengal'),
('Bahraich', 'Uttar Pradesh'),
('Bairgania', 'Bihar'),
('Bakhtiarpur', 'Bihar'),
('Balaghat', 'Madhya Pradesh'),
('Balangir', 'Orissa'),
('Balasore', 'Orissa'),
('Baleshwar', 'Orissa'),
('Bali', 'Rajasthan'),
('Ballabhgarh', 'Haryana'),
('Ballia', 'Uttar Pradesh'),
('Bally', 'West Bengal'),
('Balod', 'Chhattisgarh'),
('Baloda Bazar', 'Chhattisgarh'),
('Balrampur', 'Uttar Pradesh'),
('Balurghat', 'West Bengal'),
('Bamra', 'Orissa'),
('Banda', 'Uttar Pradesh'),
('Bandikui', 'Rajasthan'),
('Bandipore', 'Jammu and Kashmir'),
('Banganapalle', 'Andhra Pradesh'),
('Banka', 'Bihar'),
('Bankura', 'West Bengal'),
('Banmankhi Bazar', 'Bihar'),
('Banswara', 'Rajasthan'),
('Bapatla', 'Andhra Pradesh'),
('Barahiya', 'Bihar'),
('Barakar', 'West Bengal'),
('Baramati', 'Maharashtra'),
('Baramula', 'Jammu and Kashmir'),
('Baran', 'Rajasthan'),
('Barasat', 'West Bengal'),
('Barauli', 'Bihar'),
('Barbigha', 'Bihar'),
('Barbil', 'Orissa'),
('Bardhaman', 'West Bengal'),
('Bareilly', 'Uttar Pradesh'),
('Bargarh', 'Orissa'),
('Barh', 'Bihar'),
('Baripada', 'Orissa'),
('Barmer', 'Rajasthan'),
('Barnala', 'Punjab'),
('Barpeta', 'Assam'),
('Barpeta Road', 'Assam'),
('Barrackpur', 'Unknown'),
('Barughutu', 'Jharkhand'),
('Barwala', 'Haryana'),
('Barwani', 'Unknown'),
('Basna', 'Unknown'),
('Basudebpur', 'Orissa'),
('Batala', 'Punjab'),
('Bathinda', 'Punjab'),
('Bawal', 'Unknown'),
('Bazpur', 'Uttarakhand'),
('Beawar', 'Unknown'),
('Begusarai', 'Bihar'),
('Behea', 'Bihar'),
('Belgaum', 'Karnataka'),
('Bellampalle', 'Andhra Pradesh'),
('Bellary', 'Karnataka'),
('Belpahar', 'Orissa'),
('Bemetra', 'Chhattisgarh'),
('Bengaluru', 'Karnataka'),
('Berhampur', 'Unknown'),
('Bethamcherla', 'Andhra Pradesh'),
('Bettiah', 'Bihar'),
('Betul', 'Madhya Pradesh'),
('Bhabua', 'Bihar'),
('Bhadrachalam', 'Andhra Pradesh'),
('Bhadrak', 'Orissa'),
('Bhagalpur', 'Bihar'),
('Bhagha Purana', 'Punjab'),
('Bhainsa', 'Andhra Pradesh'),
('Bhajanpura', 'Unknown'),
('Bhandara', 'Unknown'),
('Bharatpur', 'Unknown'),
('Bharthana', 'Unknown'),
('Bharuch', 'Gujarat'),
('Bhatapara', 'Chhattisgarh'),
('Bhavani', 'Tamil Nadu'),
('Bhavnagar', 'Gujarat'),
('Bhawanipatna', 'Orissa'),
('Bheemunipatnam', 'Andhra Pradesh'),
('Bhilai', 'Unknown'),
('Bhilwara', 'Unknown'),
('Bhimavaram', 'Andhra Pradesh'),
('Bhinmal', 'Unknown'),
('Bhiwandi', 'Unknown'),
('Bhiwani', 'Haryana'),
('Bhongir', 'Andhra Pradesh'),
('Bhopal', 'Madhya Pradesh'),
('Bhuban', 'Orissa'),
('Bhubaneswar', 'Orissa'),
('Bhuj', 'Gujarat'),
('Bhusawal', 'Unknown'),
('Bidar', 'Unknown'),
('Bidhan Nagar', 'West Bengal'),
('Bihar Sharif', 'Bihar'),
('Bijnaur', 'Unknown'),
('Bikaner', 'Rajasthan'),
('Bikramganj', 'Bihar'),
('Bilara', 'Unknown'),
('Bilasipara', 'Assam'),
('Bilaspur', 'Chhattisgarh'),
('Biramitrapur', 'Orissa'),
('Birgaon', 'Chhattisgarh'),
('Bobbili', 'Andhra Pradesh'),
('Bodh Gaya', 'Bihar'),
('Bodhan', 'Andhra Pradesh'),
('Bokaro Steel City', 'Jharkhand'),
('Bomdila', 'Arunachal Pradesh'),
('Bongaigaon', 'Assam'),
('Brahmapur', 'Orissa'),
('Brajrajnagar', 'Orissa'),
('Budaun', 'Unknown'),
('Budhlada', 'Punjab'),
('Bulandshahr', 'Unknown'),
('Burhanpur', 'Madhya Pradesh'),
('Burla', 'Unknown'),
('Buxar', 'Bihar'),
('Byasanagar', 'Orissa'),
('Calcutta', 'West Bengal'),
('Cambay', 'Gujarat'),
('Chaibasa', 'Jharkhand'),
('Chakeri', 'Unknown'),
('Chakradharpur', 'Jharkhand'),
('Chalakudy', 'Kerala'),
('Chalisgaon', 'Maharashtra'),
('Chamba', 'Himachal Pradesh'),
('Champa', 'Chhattisgarh'),
('Champawat', 'Unknown'),
('Champhai', 'Mizoram'),
('Chamrajnagar', 'Karnataka'),
('Chandan Bara', 'Bihar'),
('Chandausi', 'Uttar Pradesh'),
('Chandigarh', 'Punjab'),
('Chandil', 'Unknown'),
('Chandrapur', 'Unknown'),
('Chandrapura', 'Jharkhand'),
('Changanassery', 'Kerala'),
('Chanpatia', 'Bihar'),
('Chapirevula', 'Unknown'),
('Charkhari', 'Unknown'),
('Charkhi Dadri', 'Haryana'),
('Chatra', 'Jharkhand'),
('Cheeka', 'Haryana'),
('Chendamangalam', 'Kerala'),
('Chengalpattu', 'Tamil Nadu'),
('Chengannur', 'Kerala'),
('Chennai', 'Tamil Nadu'),
('Cherthala', 'Kerala'),
('Cheruthazham', 'Kerala'),
('Chhapra', 'Bihar'),
('Chhatarpur', 'Madhya Pradesh'),
('Chhindwara', 'Unknown'),
('Chikkaballapur', 'Karnataka'),
('Chikmagalur', 'Karnataka'),
('Chilakaluripet', 'Andhra Pradesh'),
('Chinchani', 'Maharashtra'),
('Chinna salem', 'Tamil nadu'),
('Chinsura', 'West Bengal'),
('Chintamani', 'Karnataka'),
('Chiplun', 'Unknown'),
('Chirala', 'Andhra Pradesh'),
('Chirkunda', 'Jharkhand'),
('Chirmiri', 'Chhattisgarh'),
('Chitradurga', 'Karnataka'),
('Chitrakoot', 'Unknown'),
('Chittoor', 'Andhra Pradesh'),
('Chittur-Thathamangal', 'Kerala'),
('Chockli', 'Kerala'),
('Churi', 'Jharkhand'),
('Churu', 'Unknown'),
('Coimbatore', 'Tamil Nadu'),
('Colgong', 'Bihar'),
('Contai', 'West Bengal'),
('Cooch Behar', 'West Bengal'),
('Coonoor', 'Tamil Nadu'),
('Cuddalore', 'Tamil Nadu'),
('Cuddapah', 'Andhra Pradesh'),
('Curchorem Cacora', 'Goa'),
('Cuttack', 'Orissa'),
('Dabra', 'Madhya Pradesh'),
('Dadri', 'Uttar Pradesh'),
('Dahod', 'Gujarat'),
('Dalhousie', 'Himachal Pradesh'),
('Dalkhola', 'Unknown'),
('Dalli-Rajhara', 'Chhattisgarh'),
('Dalsinghsarai', 'Bihar'),
('Daltonganj', 'Jharkhand'),
('Daman and Diu', 'Daman and Diu'),
('Damoh', 'Unknown'),
('Darbhanga', 'Bihar'),
('Darjeeling', 'West Bengal'),
('Dasua', 'Punjab'),
('Datia', 'Madhya Pradesh'),
('Daudnagar', 'Bihar'),
('Daund', 'Unknown'),
('Davanagere', 'Karnataka'),
('Debagarh', 'Orissa'),
('Deesa', 'Gujarat'),
('Dehgam', 'Unknown'),
('Dehradun', 'Uttarakhand'),
('Dehri-on-Sone', 'Bihar'),
('Delhi', 'Delhi'),
('Deoghar', 'Jharkhand'),
('Deoria', 'Uttar Pradesh'),
('Devarakonda', 'Andhra Pradesh'),
('Devgarh', 'Maharashtra'),
('Dewas', 'Madhya Pradesh'),
('Dhaka', 'Bihar'),
('Dhamtari', 'Chhattisgarh'),
('Dhanbad', 'Jharkhand'),
('Dhar', 'Madhya Pradesh'),
('Dharampur, India', 'Gujarat'),
('Dharamsala', 'Himachal Pradesh'),
('Dharmanagar', 'Tripura'),
('Dharmapuri', 'Tamil Nadu'),
('Dharmavaram', 'Andhra Pradesh'),
('Dharwad', 'Karnataka'),
('Dhekiajuli', 'Assam'),
('Dhenkanal', 'Orissa'),
('Dholka', 'Gujarat'),
('Dhubri', 'Assam'),
('Dhule', 'Maharashtra'),
('Dhulian', 'Unknown'),
('Dhuri', 'Punjab'),
('Dibrugarh', 'Assam'),
('Digboi', 'Assam'),
('Dighwara', 'Bihar'),
('Dimapur', 'Nagaland'),
('Dinanagar', 'Punjab'),
('Dindigul', 'Tamil Nadu'),
('Diphu', 'Assam'),
('Dipka', 'Chhattisgarh'),
('Dispur', 'Assam'),
('Dombivli', 'Maharashtra'),
('Dongargarh', 'Chhattisgarh'),
('Dumdum', 'Unknown'),
('Dumka', 'Jharkhand'),
('Dumraon', 'Bihar'),
('Durg-Bhilai Nagar', 'Chhattisgarh'),
('Durgapur', 'Maharashtra'),
('Dwarka1', 'Unknown'),
('Ellenabad 2', 'Haryana'),
('Eluru', 'Andhra Pradesh'),
('Erattupetta', 'Kerala'),
('Erode', 'Tamil Nadu'),
('Etah', 'Unknown'),
('Etawah', 'Uttar Pradesh'),
('Faizabad', 'Unknown'),
('Falna', 'Unknown'),
('Faridabad', 'Haryana'),
('Faridkot', 'Punjab'),
('Farooqnagar', 'Andhra Pradesh'),
('Farrukhabad', 'Unknown'),
('Fatehabad', 'Haryana'),
('Fatehgarh', 'Unknown'),
('Fatehpur', 'Rajasthan'),
('Fatehpur Chaurasi', 'Unknown'),
('Fatehpur Sikri', 'Unknown'),
('Fatwah', 'Bihar'),
('Fazilka', 'Punjab'),
('Firozabad', 'Unknown'),
('Firozpur', 'Punjab'),
('Firozpur Cantt.', 'Punjab'),
('Forbesganj', 'Bihar'),
('Gadag', 'Karnataka'),
('Gadchiroli', 'Unknown'),
('Gadwal', 'Andhra Pradesh'),
('Ganaur', 'Haryana'),
('Gandhidham', 'Unknown'),
('Gandhinagar', 'Gujarat'),
('Gangtok', 'Sikkim'),
('Ganjam', 'Unknown'),
('Garhwa', 'Jharkhand'),
('Gauripur', 'Assam'),
('Gaya', 'Bihar'),
('Gharaunda', 'Haryana'),
('Ghatampur', 'Unknown'),
('Ghatanji', 'Unknown'),
('Ghatshila', 'Jharkhand'),
('Ghaziabad', 'Unknown'),
('Ghazipur', 'Unknown'),
('Giddarbaha', 'Punjab'),
('Giridih', 'Jharkhand'),
('Goa Velha', 'Unknown'),
('Goalpara', 'Assam'),
('Gobindgarh', 'Punjab'),
('Gobranawapara', 'Chhattisgarh'),
('Godda', 'Jharkhand'),
('Godhra', 'Gujarat'),
('Gogri Jamalpur', 'Bihar'),
('Gohana', 'Haryana'),
('Gokak', 'Unknown'),
('Golaghat', 'Assam'),
('Gomoh', 'Jharkhand'),
('Gondiya', 'Unknown'),
('Gooty', 'Andhra Pradesh'),
('Gopalganj', 'Bihar'),
('Gorakhpur', 'Unknown'),
('Greater Noida', 'Uttar Pradesh'),
('Gudalur', 'Tamil Nadu'),
('Gudivada', 'Andhra Pradesh'),
('Gudur', 'Andhra Pradesh'),
('Gulbarga', 'Karnataka'),
('Gumia', 'Jharkhand'),
('Gumla', 'Jharkhand'),
('Guna', 'Unknown'),
('Gundlupet', 'Karnataka'),
('Guntakal', 'Andhra Pradesh'),
('Guntur', 'Andhra Pradesh'),
('Gunupur', 'Orissa'),
('Gurdaspur', 'Punjab'),
('Gurgaon', 'Haryana'),
('Guruvayoor', 'Kerala'),
('Guwahati', 'Assam'),
('Gwalior', 'Madhya Pradesh'),
('Haflong', 'Assam'),
('Haibat(Yamuna Nagar)', 'Haryana'),
('Hailakandi', 'Assam'),
('Hajipur', 'Bihar'),
('Haldia', 'West Bengal'),
('Haldwani', 'Uttarakhand'),
('Hamirpur', 'Himachal Pradesh'),
('Hansi', 'Haryana'),
('Hanuman Junction', 'Andhra Pradesh'),
('Hanumangarh', 'Unknown'),
('Harda', 'Unknown'),
('Hardoi', 'Uttar Pradesh'),
('Haridwar', 'Uttarakhand'),
('Harsawa', 'Unknown'),
('Hassan', 'Karnataka'),
('Hastinapur', 'Unknown'),
('Hathras', 'Unknown'),
('Hazaribag', 'Jharkhand'),
('Hilsa', 'Bihar'),
('Himatnagar', 'Gujarat'),
('Hindupur', 'Andhra Pradesh'),
('Hinjilicut', 'Orissa'),
('Hisar', 'Haryana'),
('Hisua', 'Bihar'),
('Hodal', 'Haryana'),
('Hojai', 'Assam'),
('Hoshiarpur', 'Punjab'),
('Hospet', 'Karnataka'),
('Howrah', 'West Bengal'),
('Hubli', 'Karnataka'),
('Hussainabad', 'Jharkhand'),
('Hyderabad', 'Andhra Pradesh'),
('Ichalkaranji', 'Maharashtra'),
('Ichchapuram', 'Andhra Pradesh'),
('Idar', 'Gujarat'),
('Imphal', 'Manipur'),
('Indore', 'Madhya Pradesh'),
('Indranagar', 'Tripura'),
('Irinjalakuda', 'Kerala'),
('Islampur', 'Bihar'),
('Itanagar', 'Arunachal Pradesh'),
('Itarsi', 'Madhya Pradesh'),
('Jabalpur', 'Madhya Pradesh'),
('Jagadhri', 'Unknown'),
('Jagatsinghapur', 'Orissa'),
('Jagdalpur', 'Chhattisgarh'),
('Jagdispur', 'Bihar'),
('Jaggaiahpet', 'Andhra Pradesh'),
('Jagraon', 'Punjab'),
('Jagtial', 'Andhra Pradesh'),
('Jaipur', 'Rajasthan'),
('Jais', 'Unknown'),
('Jaisalmer', 'Rajasthan'),
('Jaitaran', 'Unknown'),
('Jaitu', 'Punjab'),
('Jajapur', 'Orissa'),
('Jajmau', 'Uttar Pradesh'),
('Jalalabad', 'Punjab'),
('Jalandhar', 'Punjab'),
('Jalandhar Cantt.', 'Punjab'),
('Jaleswar', 'Orissa'),
('Jalgaon', 'Unknown'),
('Jalna', 'Maharashtra'),
('Jalore', 'Unknown'),
('Jamalpur', 'Bihar'),
('Jammalamadugu', 'Andhra Pradesh'),
('Jammu', 'Jammu and Kashmir'),
('Jamnagar', 'Gujarat'),
('Jamshedpur', 'Jharkhand'),
('Jamtara', 'Jharkhand'),
('Jamui', 'Bihar'),
('Jandiala', 'Punjab'),
('Jangaon', 'Andhra Pradesh'),
('Janjgir', 'Chhattisgarh'),
('Jashpurnagar', 'Chhattisgarh'),
('Jaspur', 'Uttarakhand'),
('Jatani', 'Orissa'),
('Jaunpur', 'Uttar Pradesh'),
('Jehanabad', 'Bihar'),
('Jeypur', 'Orissa'),
('Jhabua', 'Unknown'),
('Jhajha', 'Bihar'),
('Jhajjar', 'Haryana'),
('Jhalawar', 'Unknown'),
('Jhanjharpur', 'Bihar'),
('Jhansi', 'Uttar Pradesh'),
('Jhargram', 'West Bengal'),
('Jharsuguda', 'Orissa'),
('Jhumri Tilaiya', 'Jharkhand'),
('Jhunjhunu', 'Unknown'),
('Jind', 'Haryana'),
('Joda', 'Orissa'),
('Jodhpur', 'Rajasthan'),
('Jogabani', 'Bihar'),
('Jogendranagar', 'Tripura'),
('Jorhat', 'Assam'),
('Jowai', 'Meghalaya'),
('Junagadh', 'Gujarat'),
('Junnar', 'Unknown'),
('Kadapa', 'Andhra Pradesh'),
('Kadi', 'Gujarat'),
('Kadiri', 'Andhra Pradesh'),
('Kadirur', 'Kerala'),
('Kagaznagar', 'Andhra Pradesh'),
('Kailaras', 'Unknown'),
('Kailasahar', 'Tripura'),
('Kaithal', 'Haryana'),
('Kakching', 'Manipur'),
('Kakinada', 'Andhra Pradesh'),
('Kalan Wali', 'Haryana'),
('Kalavad', 'Gujarat'),
('Kalburgi', 'Unknown'),
('Kalimpong', 'Unknown'),
('Kalka', 'Haryana'),
('Kalliasseri', 'Kerala'),
('Kalol', 'Gujarat'),
('Kalpetta', 'Kerala'),
('Kalpi', 'Uttar Pradesh'),
('Kalyan', 'Maharashtra'),
('Kalyandurg', 'Andhra Pradesh'),
('Kamareddy', 'Andhra Pradesh'),
('Kamthi', 'Unknown'),
('Kanchipuram', 'Tamil Nadu'),
('Kandukur', 'Andhra Pradesh'),
('Kanhangad', 'Kerala'),
('Kanjikkuzhi', 'Kerala'),
('Kanker', 'Chhattisgarh'),
('Kannur', 'Kerala'),
('Kanpur', 'Uttar Pradesh'),
('Kantabanji', 'Orissa'),
('Kanti', 'Bihar'),
('Kapadvanj', 'Gujarat'),
('Kapurthala', 'Punjab'),
('Karad', 'Unknown'),
('Karaikal', 'Pondicherry'),
('Karaikudi', 'Tamil Nadu'),
('Karanjia', 'Orissa'),
('Karimganj', 'Assam'),
('Karimnagar', 'Andhra Pradesh'),
('Karjan', 'Gujarat'),
('Karkala', 'Karnataka'),
('Karnal', 'Haryana'),
('Karoran', 'Punjab'),
('Kartarpur', 'Punjab'),
('Karungal', 'Tamil Nadu'),
('Karur', 'Tamil Nadu'),
('Karwar', 'Karnataka'),
('Kasaragod', 'Kerala'),
('Kashipur', 'Uttarakhand'),
('Kathua', 'Jammu and Kashmir'),
('Katihar', 'Bihar'),
('Katni', 'Madhya Pradesh'),
('Kavali', 'Andhra Pradesh'),
('Kavaratti', 'Lakshadweep'),
('Kawardha', 'Chhattisgarh'),
('Kayamkulam', 'Kerala'),
('Kendrapara', 'Orissa'),
('Kendujhar', 'Orissa'),
('Keshod', 'Gujarat'),
('Keylong', 'Unknown'),
('Khagaria', 'Bihar'),
('Khambhalia', 'Gujarat'),
('Khambhat', 'Gujarat'),
('Khammam', 'Andhra Pradesh'),
('Khanna', 'Punjab'),
('Kharagpur', 'Bihar'),
('Kharar', 'Punjab'),
('Kheda', 'Gujarat'),
('Khedbrahma', 'Gujarat'),
('Kheralu', 'Gujarat'),
('Kheri', 'Unknown'),
('Khordha', 'Orissa'),
('Khowai', 'Tripura'),
('Khunti', 'Jharkhand'),
('Khurai', 'Unknown'),
('kichha', 'Uttarakhand'),
('Kishanganj', 'Bihar'),
('Kochi', 'Kerala'),
('Kodad', 'Unknown'),
('Kodinar', 'Gujarat'),
('Kodungallur', 'Kerala'),
('Kohima', 'Nagaland'),
('Kokrajhar', 'Assam'),
('Kolar', 'Karnataka'),
('Kolhapur', 'Maharashtra'),
('Kolkata', 'West Bengal'),
('Kollam', 'Kerala'),
('Kollankodu', 'Tamil Nadu'),
('Kondagaon', 'Chhattisgarh'),
('Konnagar', 'Unknown'),
('Koothuparamba', 'Kerala'),
('Koraput', 'Orissa'),
('Koratla', 'Andhra Pradesh'),
('Korba', 'Chhattisgarh'),
('Kot Kapura', 'Punjab'),
('Kota', 'Karnataka'),
('Kotdwara', 'Uttarakhand'),
('Kothagudem', 'Andhra Pradesh'),
('Kothamangalam', 'Kerala'),
('Kothapeta', 'Andhra Pradesh'),
('Kotma', 'Madhya Pradesh'),
('Kottayam', 'Kerala'),
('Kovvur', 'Andhra Pradesh'),
('Kozhikode', 'Kerala'),
('Krishnanagar', 'Unknown'),
('Kuchinda', 'Unknown'),
('Kunnamkulam', 'Kerala'),
('Kurali', 'Punjab'),
('Kurnool', 'Andhra Pradesh'),
('Kyathampalle', 'Andhra Pradesh'),
('Lachhmangarh', 'Rajasthan'),
('Ladnu', 'Rajasthan'),
('Ladwa', 'Haryana'),
('Lahar', 'Madhya Pradesh'),
('Laharpur', 'Uttar Pradesh'),
('Lakheri', 'Rajasthan'),
('Lakhimpur', 'Uttar Pradesh'),
('Lakhisarai', 'Bihar'),
('Lakshmeshwar', 'Karnataka'),
('Lal Gopalganj Nindau', 'Uttar Pradesh'),
('Lalganj', 'Bihar'),
('Lalgudi', 'Tamil Nadu'),
('Lalitpur', 'Uttar Pradesh'),
('Lalsot', 'Rajasthan'),
('Lanka', 'Assam'),
('Lar', 'Uttar Pradesh'),
('Lathi', 'Gujarat'),
('Latur', 'Maharashtra'),
('Leh', 'Jammu and Kashmir'),
('Lilong', 'Manipur'),
('Limbdi', 'Gujarat'),
('Lingsugur', 'Karnataka'),
('Loha', 'Maharashtra'),
('Lohardaga', 'Jharkhand'),
('Lonar', 'Maharashtra'),
('Lonavla', 'Maharashtra'),
('Longowal', 'Punjab'),
('Loni', 'Uttar Pradesh'),
('Losal', 'Rajasthan'),
('Lucknow', 'Uttar Pradesh'),
('Ludhiana', 'Punjab'),
('Lumding', 'Assam'),
('Lunawada', 'Gujarat'),
('Lundi', 'Madhya Pradesh'),
('Lunglei', 'Mizoram'),
('Macherla', 'Andhra Pradesh'),
('Machilipatnam', 'Andhra Pradesh'),
('Madanapalle', 'Andhra Pradesh'),
('Maddur', 'Karnataka'),
('Madgaon', 'Goa'),
('Madhepura', 'Bihar'),
('Madhubani', 'Bihar'),
('Madhugiri', 'Karnataka'),
('Madhupur', 'Jharkhand'),
('Madhyamgram', 'Unknown'),
('Madikeri', 'Karnataka'),
('Madurai', 'Tamil Nadu'),
('Magadi', 'Karnataka'),
('Mahabaleswar', 'Unknown'),
('Mahad', 'Maharashtra'),
('Mahalingpur', 'Karnataka'),
('Maharajganj', 'Bihar'),
('Maharajpur', 'Madhya Pradesh'),
('Mahasamund', 'Chhattisgarh'),
('Mahbubnagar', 'Andhra Pradesh'),
('Mahe', 'Pondicherry'),
('Mahendragarh', 'Chhattisgarh'),
('Mahesana', 'Gujarat'),
('Mahidpur', 'Madhya Pradesh'),
('Mahnar Bazar', 'Bihar'),
('Mahoba', 'Unknown'),
('Mahuli', 'Maharashtra'),
('Mahuva', 'Gujarat'),
('Mahwa', 'Unknown'),
('Maihar', 'Madhya Pradesh'),
('Mainaguri', 'West Bengal'),
('Makhdumpur', 'Bihar'),
('Makrana', 'Rajasthan'),
('Mal', 'West Bengal'),
('Malajkhand', 'Madhya Pradesh'),
('Malappuram', 'Kerala'),
('Malavalli', 'Karnataka'),
('Malegaon', 'Maharashtra'),
('Malerkotla', 'Punjab'),
('Malkangiri', 'Orissa'),
('Malkapur', 'Maharashtra'),
('Malout', 'Punjab'),
('Malpura', 'Rajasthan'),
('Malur', 'Karnataka'),
('Manasa', 'Madhya Pradesh'),
('Manavadar', 'Gujarat'),
('Manawar', 'Madhya Pradesh'),
('Manchar', 'Maharashtra'),
('Mancherial', 'Andhra Pradesh'),
('Mandalgarh', 'Rajasthan'),
('Mandamarri', 'Andhra Pradesh'),
('Mandapeta', 'Andhra Pradesh'),
('Mandawa', 'Rajasthan'),
('Mandi', 'Himachal Pradesh'),
('Mandi Dabwali', 'Haryana'),
('Mandideep', 'Madhya Pradesh'),
('Mandla', 'Madhya Pradesh'),
('Mandsaur', 'Madhya Pradesh'),
('Mandvi', 'Gujarat'),
('Mandya', 'Karnataka'),
('Maner', 'Bihar'),
('Manesar', 'Unknown'),
('Mangalagiri', 'Unknown'),
('Mangaldoi', 'Assam'),
('Mangalore', 'Karnataka'),
('Mangalvedhe', 'Maharashtra'),
('Manglaur', 'Uttarakhand'),
('Mangrol', 'Gujarat'),
('Mangrulpir', 'Maharashtra'),
('Manihari', 'Bihar'),
('Manjlegaon', 'Maharashtra'),
('Mankachar', 'Assam'),
('Manmad', 'Maharashtra'),
('Mansa', 'Gujarat'),
('Manuguru', 'Andhra Pradesh'),
('Manvi', 'Karnataka'),
('Manwath', 'Maharashtra'),
('Mapusa', 'Goa'),
('Margao', 'Goa'),
('Margherita', 'Assam'),
('Marhaura', 'Bihar'),
('Mariani', 'Assam'),
('Marigaon', 'Assam'),
('Markapur', 'Andhra Pradesh'),
('Marmagao', 'Goa'),
('Masaurhi', 'Bihar'),
('Mathabhanga', 'West Bengal'),
('Mathura', 'Uttar Pradesh'),
('Mattannur', 'Kerala'),
('Mauganj', 'Madhya Pradesh'),
('Maur', 'Punjab'),
('Mavelikkara', 'Kerala'),
('Mavoor', 'Kerala'),
('Mayang Imphal', 'Manipur'),
('Medak', 'Andhra Pradesh'),
('Medinipur', 'West Bengal'),
('Meerut', 'Uttar Pradesh'),
('Mehkar', 'Maharashtra'),
('Mehmedabad', 'Gujarat'),
('Memari', 'West Bengal'),
('Merta City', 'Rajasthan'),
('Mhaswad', 'Maharashtra'),
('Mhow Cantonment', 'Madhya Pradesh'),
('Mhowgaon', 'Madhya Pradesh'),
('Mihijam', 'Jharkhand'),
('Mira-Bhayandar', 'Unknown'),
('Miraj', 'Maharashtra'),
('Mirganj', 'Bihar'),
('Miryalaguda', 'Andhra Pradesh'),
('Mirzapur', 'Unknown'),
('Mithapur', 'Unknown'),
('Modasa', 'Gujarat'),
('Modinagar', 'Uttar Pradesh'),
('Moga', 'Punjab'),
('Mogalthur', 'Andhra Pradesh'),
('Mohali', 'Punjab'),
('Mohania', 'Unknown'),
('Mokama', 'Unknown'),
('Mokameh', 'Bihar'),
('Mokokchung', 'Nagaland'),
('Monoharpur', 'West Bengal'),
('Moradabad', 'Unknown'),
('Morena', 'Madhya Pradesh'),
('Morinda', 'Punjab'),
('Morshi', 'Maharashtra'),
('Morvi', 'Gujarat'),
('Motihari', 'Bihar'),
('Motipur', 'Bihar'),
('Mount Abu', 'Rajasthan'),
('Mudalgi', 'Karnataka'),
('Mudbidri', 'Karnataka'),
('Muddebihal', 'Karnataka'),
('Mudhol', 'Karnataka'),
('Mukatsar', 'Unknown'),
('Mukerian', 'Punjab'),
('Mukhed', 'Maharashtra'),
('Muktsar', 'Punjab'),
('Mul', 'Maharashtra'),
('Mulbagal', 'Karnataka'),
('Multai', 'Madhya Pradesh'),
('Mumbai', 'Maharashtra'),
('Mundargi', 'Karnataka'),
('Mungeli', 'Chhattisgarh'),
('Munger', 'Bihar'),
('Muradnagar', 'Uttar Pradesh'),
('Murliganj', 'Bihar'),
('Murshidabad', 'West Bengal'),
('Murtijapur', 'Maharashtra'),
('Murwara', 'Madhya Pradesh'),
('Musabani', 'Jharkhand'),
('Mussoorie', 'Uttarakhand'),
('Muvattupuzha', 'Kerala'),
('Muzaffarnagar', 'Uttar Pradesh'),
('Muzaffarpur', 'Bihar'),
('Mysuru', 'Karnataka'),
('Nabadwip', 'West Bengal'),
('Nabarangapur', 'Orissa'),
('Nabha', 'Punjab'),
('Nadbai', 'Rajasthan'),
('Nadiad', 'Gujarat'),
('Nagalapuram', 'Unknown'),
('Nagaon', 'Assam'),
('Nagapattinam', 'Tamil Nadu'),
('Nagar', 'Rajasthan'),
('Nagari', 'Andhra Pradesh'),
('Nagarkurnool', 'Andhra Pradesh'),
('Nagaur', 'Rajasthan'),
('Nagda', 'Madhya Pradesh'),
('Nagercoil', 'Tamil Nadu'),
('Nagina', 'Uttar Pradesh'),
('Nagla', 'Uttarakhand'),
('Nagpur', 'Maharashtra'),
('Nahan', 'Himachal Pradesh'),
('Naharlagun', 'Arunachal Pradesh'),
('Naihati', 'West Bengal'),
('Naila Janjgir', 'Chhattisgarh'),
('Nainital', 'Uttarakhand'),
('Nainpur', 'Madhya Pradesh'),
('Najibabad', 'Uttar Pradesh'),
('Nakodar', 'Punjab'),
('Nakur', 'Uttar Pradesh'),
('Nalasopara', 'Maharashtra'),
('Nalbari', 'Assam'),
('Namagiripettai', 'Tamil Nadu'),
('Namakkal', 'Tamil Nadu'),
('Nanded-Waghala', 'Maharashtra'),
('Nandgaon', 'Maharashtra'),
('Nandivaram-Guduvanch', 'Tamil Nadu'),
('Nandura', 'Maharashtra'),
('Nandurbar', 'Maharashtra'),
('Nandyal', 'Andhra Pradesh'),
('Nangal', 'Punjab'),
('Nanjangud', 'Karnataka'),
('Nanjikottai', 'Tamil Nadu'),
('Nanpara', 'Uttar Pradesh'),
('Narasapur', 'Andhra Pradesh'),
('Narasaraopet', 'Andhra Pradesh'),
('Naraura', 'Uttar Pradesh'),
('Narayanpet', 'Andhra Pradesh'),
('Nargund', 'Rajasthan'),
('Narkatiaganj', 'Bihar'),
('Narkhed', 'Maharashtra'),
('Narnaul', 'Haryana'),
('Narsinghgarh', 'Madhya Pradesh'),
('Narsipatnam', 'Andhra Pradesh'),
('Narwana', 'Haryana'),
('Nashik', 'Maharashtra'),
('Nasirabad', 'Rajasthan'),
('Natham', 'Tamil Nadu'),
('Nathdwara', 'Rajasthan'),
('Naugachhia', 'Bihar'),
('Naugawan Sadat', 'Uttar Pradesh'),
('Nautanwa', 'Uttar Pradesh'),
('Navalgund', 'Rajasthan'),
('Navi Mumbai', 'Maharashtra'),
('Navsari', 'Gujarat'),
('Nawabganj', 'Uttar Pradesh'),
('Nawada', 'Bihar'),
('Nawalgarh', 'Rajasthan'),
('Nawanshahr', 'Punjab'),
('Nawapur', 'Maharashtra'),
('Nedumangad', 'Kerala'),
('Neem-Ka-Thana', 'Rajasthan'),
('Neemuch', 'Madhya Pradesh'),
('Nehtaur', 'Uttar Pradesh'),
('Nelamangala', 'Rajasthan'),
('Nellikuppam', 'Tamil Nadu'),
('Nellore', 'Andhra Pradesh'),
('Nepanagar', 'Madhya Pradesh'),
('Neyveli', 'Tamil Nadu'),
('Neyyattinkara', 'Kerala'),
('Nidadavole', 'Andhra Pradesh'),
('Nilanga', 'Maharashtra'),
('Nimbahera', 'Rajasthan'),
('Nipani', 'Rajasthan'),
('Nirmal', 'Andhra Pradesh'),
('Niwai', 'Rajasthan'),
('Niwari', 'Madhya Pradesh'),
('Nizamabad', 'Andhra Pradesh'),
('Nohar', 'Rajasthan'),
('NOIDA', 'Uttar Pradesh'),
('Nokha', 'Bihar'),
('Nongstoin', 'Meghalaya'),
('Noorpur', 'Uttar Pradesh'),
('North Lakhimpur', 'Assam'),
('Nowgong', 'Madhya Pradesh'),
('Nowrozabad', 'Madhya Pradesh'),
('Nuzvid', 'Andhra Pradesh'),
('O\' Valley', 'Tamil Nadu'),
('Obra', 'Uttar Pradesh'),
('Oddanchatram', 'Tamil Nadu'),
('Ongole', 'Andhra Pradesh'),
('Orai', 'Uttar Pradesh'),
('Osmanabad', 'Maharashtra'),
('Ottappalam', 'Kerala'),
('Ozar', 'Maharashtra'),
('P.N.Patti', 'Tamil Nadu'),
('Pachora', 'Maharashtra'),
('Pachore', 'Madhya Pradesh'),
('Pacode', 'Tamil Nadu'),
('Padmanabhapuram', 'Tamil Nadu'),
('Padra', 'Gujarat'),
('Padrauna', 'Uttar Pradesh'),
('Paithan', 'Maharashtra'),
('Pakaur', 'Jharkhand'),
('Palacole', 'Andhra Pradesh'),
('Palai', 'Kerala'),
('Palakkad', 'Kerala'),
('Palani', 'Tamil Nadu'),
('Palanpur', 'Gujarat'),
('Palasa Kasibugga', 'Andhra Pradesh'),
('Palghar', 'Maharashtra'),
('Pali', 'Madhya Pradesh'),
('Palia Kalan', 'Uttar Pradesh'),
('Palitana', 'Gujarat'),
('Palladam', 'Tamil Nadu'),
('Pallapatti', 'Tamil Nadu'),
('Pallikonda', 'Tamil Nadu'),
('Palwal', 'Haryana'),
('Palwancha', 'Andhra Pradesh'),
('Panagar', 'Madhya Pradesh'),
('Panagudi', 'Tamil Nadu'),
('Panaji', 'Goa'),
('Panchkula', 'Haryana'),
('Panchla', 'West Bengal'),
('Pandharkaoda', 'Maharashtra'),
('Pandharpur', 'Maharashtra'),
('Pandhurna', 'Madhya Pradesh'),
('Pandua', 'West Bengal'),
('Panipat', 'Haryana'),
('Panna', 'Madhya Pradesh'),
('Panniyannur', 'Kerala'),
('Panruti', 'Tamil Nadu'),
('Panvel', 'Maharashtra'),
('Pappinisseri', 'Kerala'),
('Paradip', 'Orissa'),
('Paramakudi', 'Tamil Nadu'),
('Parangipettai', 'Tamil Nadu'),
('Parasi', 'Uttar Pradesh'),
('Paravoor', 'Kerala'),
('Parbhani', 'Maharashtra'),
('Pardi', 'Gujarat'),
('Parlakhemundi', 'Orissa'),
('Parli', 'Maharashtra'),
('Parola', 'Maharashtra'),
('Partur', 'Maharashtra'),
('Parvathipuram', 'Andhra Pradesh'),
('Pasan', 'Madhya Pradesh'),
('Paschim Punropara', 'West Bengal'),
('Pasighat', 'Arunachal Pradesh'),
('Patan', 'Gujarat'),
('Pathanamthitta', 'Kerala'),
('Pathankot', 'Punjab'),
('Pathardi', 'Maharashtra'),
('Pathri', 'Maharashtra'),
('Patiala', 'Punjab'),
('Patna', 'Bihar'),
('Patran', 'Punjab'),
('Patratu', 'Jharkhand'),
('Pattamundai', 'Orissa'),
('Patti', 'Punjab'),
('Pattukkottai', 'Tamil Nadu'),
('Patur', 'Maharashtra'),
('Pauni', 'Maharashtra'),
('Pauri', 'Uttarakhand'),
('Pavagada', 'Karnataka'),
('Payyannur', 'Kerala'),
('Pedana', 'Andhra Pradesh'),
('Peddapuram', 'Andhra Pradesh'),
('Pehowa', 'Haryana'),
('Pen', 'Maharashtra'),
('Perambalur', 'Tamil Nadu'),
('Peravurani', 'Tamil Nadu'),
('Peringathur', 'Kerala'),
('Perinthalmanna', 'Kerala'),
('Periyakulam', 'Tamil Nadu'),
('Periyasemur', 'Tamil Nadu'),
('Pernampattu', 'Tamil Nadu'),
('Perumbavoor', 'Kerala'),
('Petlad', 'Gujarat'),
('Phagwara', 'Punjab'),
('Phalodi', 'Rajasthan'),
('Phaltan', 'Maharashtra'),
('Phillaur', 'Punjab'),
('Phulabani', 'Orissa'),
('Phulera', 'Rajasthan'),
('Phulpur', 'Uttar Pradesh'),
('Phusro', 'Jharkhand'),
('Pihani', 'Uttar Pradesh'),
('Pilani', 'Rajasthan'),
('Pilibanga', 'Rajasthan'),
('Pilibhit', 'Uttar Pradesh'),
('Pilkhuwa', 'Uttar Pradesh'),
('Pindwara', 'Rajasthan'),
('Pinjore', 'Haryana'),
('Pipar City', 'Rajasthan'),
('Pipariya', 'Madhya Pradesh'),
('Piro', 'Bihar'),
('Pithampur', 'Madhya Pradesh'),
('Pithapuram', 'Andhra Pradesh'),
('Pithoragarh', 'Uttarakhand'),
('Pollachi', 'Tamil Nadu'),
('Polur', 'Tamil Nadu'),
('Pondicherry', 'Pondicherry'),
('Pondur', 'Andhra pradesh'),
('Ponnani', 'Kerala'),
('Ponneri', 'Tamil Nadu'),
('Ponnur', 'Andhra Pradesh'),
('Porbandar', 'Gujarat'),
('Porsa', 'Madhya Pradesh'),
('Port Blair', 'Andaman and Nicobar '),
('Powayan', 'Uttar Pradesh'),
('Prantij', 'Rajasthan'),
('Pratapgarh', 'Rajasthan'),
('Prithvipur', 'Madhya Pradesh'),
('Proddatur', 'Andhra Pradesh'),
('Pudukkottai', 'Tamil Nadu'),
('Pudupattinam', 'Tamil Nadu'),
('Pukhrayan', 'Uttar Pradesh'),
('Pulgaon', 'Maharashtra'),
('Puliyankudi', 'Tamil Nadu'),
('Punalur', 'Kerala'),
('Punch', 'Jammu and Kashmir'),
('Pune', 'Maharashtra'),
('Punganur', 'Andhra Pradesh'),
('Punjaipugalur', 'Tamil Nadu'),
('Puranpur', 'Uttar Pradesh'),
('Puri', 'Orissa'),
('Purna', 'Maharashtra'),
('Purnia', 'Bihar'),
('Purquazi', 'Uttar Pradesh'),
('Purulia', 'West Bengal'),
('Purwa', 'Uttar Pradesh'),
('Pusad', 'Maharashtra'),
('Puttur', 'Karnataka'),
('Qadian', 'Punjab'),
('Quilandy', 'Kerala'),
('Rabkavi Banhatti', 'Karnataka'),
('Radhanpur', 'Gujarat'),
('Rae Bareli', 'Uttar Pradesh'),
('Rafiganj', 'Bihar'),
('Raghogarh-Vijaypur', 'Madhya Pradesh'),
('Raghunathpur', 'West Bengal'),
('Rahatgarh', 'Madhya Pradesh'),
('Rahuri', 'Maharashtra'),
('Raichur', 'Karnataka'),
('Raiganj', 'West Bengal'),
('Raigarh', 'Chhattisgarh'),
('Raikot', 'Punjab'),
('Raipur', 'Chhattisgarh'),
('Rairangpur', 'Orissa'),
('Raisen', 'Madhya Pradesh'),
('Raisinghnagar', 'Rajasthan'),
('Rajagangapur', 'Orissa'),
('Rajahmundry', 'Andhra Pradesh'),
('Rajakhera', 'Rajasthan'),
('Rajaldesar', 'Rajasthan'),
('Rajam', 'Andhra Pradesh'),
('Rajampet', 'Andhra Pradesh'),
('Rajapalayam', 'Tamil Nadu'),
('Rajauri', 'Jammu and Kashmir'),
('Rajgarh', 'Madhya Pradesh'),
('Rajgarh (Alwar)', 'Rajasthan'),
('Rajgarh (Churu', 'Rajasthan'),
('Rajgir', 'Bihar'),
('Rajkot', 'Gujarat'),
('Rajnandgaon', 'Chhattisgarh'),
('Rajpipla', 'Gujarat'),
('Rajpura', 'Punjab'),
('Rajsamand', 'Rajasthan'),
('Rajula', 'Gujarat'),
('Rajura', 'Maharashtra'),
('Ramachandrapuram', 'Andhra Pradesh'),
('Ramagundam', 'Andhra Pradesh'),
('Ramanagaram', 'Karnataka'),
('Ramanathapuram', 'Tamil Nadu'),
('Ramdurg', 'Karnataka'),
('Rameshwaram', 'Tamil Nadu'),
('Ramganj Mandi', 'Rajasthan'),
('Ramnagar', 'Bihar'),
('Ramngarh', 'Jharkhand'),
('Rampur', 'Uttar Pradesh'),
('Rampur Maniharan', 'Uttar Pradesh'),
('Rampura Phul', 'Punjab'),
('Rampurhat', 'West Bengal'),
('Ramtek', 'Maharashtra'),
('Ranaghat', 'West Bengal'),
('Ranavav', 'Gujarat'),
('Ranchi', 'Jharkhand'),
('Rangia', 'Assam'),
('Rania', 'Haryana'),
('Ranibennur', 'Karnataka'),
('Rapar', 'Gujarat'),
('Rasipuram', 'Tamil Nadu'),
('Rasra', 'Uttar Pradesh'),
('Ratangarh', 'Rajasthan'),
('Rath', 'Uttar Pradesh'),
('Ratia', 'Haryana'),
('Ratlam', 'Madhya Pradesh'),
('Ratnagiri', 'Maharashtra'),
('Rau', 'Madhya Pradesh'),
('Raurkela', 'Orissa'),
('Raver', 'Maharashtra'),
('Rawatbhata', 'Rajasthan'),
('Rawatsar', 'Rajasthan'),
('Raxaul Bazar', 'Bihar'),
('Rayachoti', 'Andhra Pradesh'),
('Rayadurg', 'Andhra Pradesh'),
('Rayagada', 'Orissa'),
('Reengus', 'Rajasthan'),
('Rehli', 'Madhya Pradesh'),
('Renigunta', 'Andhra Pradesh'),
('Renukoot', 'Uttar Pradesh'),
('Reoti', 'Uttar Pradesh'),
('Repalle', 'Andhra Pradesh'),
('Revelganj', 'Bihar'),
('Rewa', 'Madhya Pradesh'),
('Rewari', 'Haryana'),
('Rishikesh', 'Uttarakhand'),
('Risod', 'Maharashtra'),
('Robertsganj', 'Uttar Pradesh'),
('Robertson Pet', 'Karnataka'),
('Rohtak', 'Haryana'),
('Ron', 'Karnataka'),
('Roorkee', 'Uttarakhand'),
('Rosera', 'Bihar'),
('Rudauli', 'Uttar Pradesh'),
('Rudrapur', 'Uttar Pradesh'),
('Rupnagar', 'Punjab'),
('Sabalgarh', 'Madhya Pradesh'),
('Sadabad', 'Uttar Pradesh'),
('Sadalgi', 'Karnataka'),
('Sadasivpet', 'Andhra Pradesh'),
('Sadri', 'Rajasthan'),
('Sadulshahar', 'Rajasthan'),
('Safidon', 'Haryana'),
('Safipur', 'Uttar Pradesh'),
('Sagar', 'Karnataka'),
('Sagwara', 'Rajasthan'),
('Saharanpur', 'Uttar Pradesh'),
('Saharsa', 'Bihar'),
('Sahaspur', 'Uttar Pradesh'),
('Sahaswan', 'Uttar Pradesh'),
('Sahawar', 'Uttar Pradesh'),
('Sahibganj', 'Jharkhand'),
('Sahjanwa', 'Uttar Pradesh'),
('Saidpur, Ghazipur', 'Uttar Pradesh'),
('Saiha', 'Mizoram'),
('Sailu', 'Maharashtra'),
('Sainthia', 'West Bengal'),
('Sakleshpur', 'Karnataka'),
('Sakti', 'Chhattisgarh'),
('Salaya', 'Gujarat'),
('Salem', 'Tamil Nadu'),
('Salur', 'Andhra Pradesh'),
('Samalkha', 'Haryana'),
('Samalkot', 'Andhra Pradesh'),
('Samana', 'Punjab'),
('Samastipur', 'Bihar'),
('Sambalpur', 'Orissa'),
('Sambhal', 'Uttar Pradesh'),
('Sambhar', 'Rajasthan'),
('Samdhan', 'Uttar Pradesh'),
('Samthar', 'Uttar Pradesh'),
('Sanand', 'Gujarat'),
('Sanawad', 'Madhya Pradesh'),
('Sanchore', 'Rajasthan'),
('Sandi', 'Uttar Pradesh'),
('Sandila', 'Uttar Pradesh'),
('Sandur', 'Karnataka'),
('Sangamner', 'Maharashtra'),
('Sangareddy', 'Andhra Pradesh'),
('Sangaria', 'Rajasthan'),
('Sangli', 'Maharashtra'),
('Sangole', 'Maharashtra'),
('Sangrur', 'Punjab'),
('Sankarankoil', 'Tamil Nadu'),
('Sankari', 'Tamil Nadu'),
('Sankeshwar', 'Karnataka'),
('Santipur', 'West Bengal'),
('Sarangpur', 'Madhya Pradesh'),
('Sardarshahar', 'Rajasthan'),
('Sardhana', 'Uttar Pradesh'),
('Sarni', 'Madhya Pradesh'),
('Sasaram', 'Bihar'),
('Sasvad', 'Maharashtra'),
('Satana', 'Maharashtra'),
('Satara', 'Maharashtra'),
('Sathyamangalam', 'Tamil Nadu'),
('Satna', 'Madhya Pradesh'),
('Sattenapalle', 'Andhra Pradesh'),
('Sattur', 'Tamil Nadu'),
('Saunda', 'Jharkhand'),
('Saundatti-Yellamma', 'Karnataka'),
('Sausar', 'Madhya Pradesh'),
('Savanur', 'Karnataka'),
('Savarkundla', 'Gujarat'),
('Savner', 'Maharashtra'),
('Sawai Madhopur', 'Rajasthan'),
('Sawantwadi', 'Maharashtra'),
('Sedam', 'Karnataka'),
('Sehore', 'Madhya Pradesh'),
('Sendhwa', 'Madhya Pradesh'),
('Seohara', 'Uttar Pradesh'),
('Seoni', 'Madhya Pradesh'),
('Seoni-Malwa', 'Madhya Pradesh'),
('Shahabad', 'Karnataka'),
('Shahabad, Hardoi', 'Uttar Pradesh'),
('Shahabad, Rampur', 'Uttar Pradesh'),
('Shahade', 'Maharashtra'),
('Shahbad', 'Haryana'),
('Shahdol', 'Madhya Pradesh'),
('Shahganj', 'Uttar Pradesh'),
('Shahjahanpur', 'Uttar Pradesh'),
('Shahpur', 'Karnataka'),
('Shahpura', 'Rajasthan'),
('Shajapur', 'Madhya Pradesh'),
('Shamgarh', 'Madhya Pradesh'),
('Shamli', 'Uttar Pradesh'),
('Shamsabad, Agra', 'Uttar Pradesh'),
('Shamsabad, Farrukhab', 'Uttar Pradesh'),
('Shegaon', 'Maharashtra'),
('Sheikhpura', 'Bihar'),
('Shendurjana', 'Maharashtra'),
('Shenkottai', 'Tamil Nadu'),
('Sheoganj', 'Rajasthan'),
('Sheohar', 'Bihar'),
('Sheopur', 'Madhya Pradesh'),
('Sherghati', 'Bihar'),
('Sherkot', 'Uttar Pradesh'),
('Shiggaon', 'Karnataka'),
('Shikapur', 'Karnataka'),
('Shikarpur, Bulandsha', 'Uttar Pradesh'),
('Shikohabad', 'Uttar Pradesh'),
('Shillong', 'Meghalaya'),
('Shimla', 'Himachal Pradesh'),
('Shimoga', 'Karnataka'),
('Shirdi', 'Maharashtra'),
('Shirpur-Warwade', 'Maharashtra'),
('Shirur', 'Maharashtra'),
('Shishgarh', 'Uttar Pradesh'),
('Shivpuri', 'Madhya Pradesh'),
('Sholavandan', 'Tamil Nadu'),
('Sholingur', 'Tamil Nadu'),
('Shoranur', 'Kerala'),
('Shorapur', 'Karnataka'),
('Shrigonda', 'Maharashtra'),
('Shrirampur', 'Maharashtra'),
('Shrirangapattana', 'Karnataka'),
('Shujalpur', 'Madhya Pradesh'),
('Siana', 'Uttar Pradesh'),
('Sibsagar', 'Assam'),
('Siddipet', 'Andhra Pradesh'),
('Sidhi', 'Madhya Pradesh'),
('Sidhpur', 'Gujarat'),
('Sidlaghatta', 'Karnataka'),
('Sihor', 'Gujarat'),
('Sihora', 'Madhya Pradesh'),
('Sikanderpur', 'Uttar Pradesh'),
('Sikandra Rao', 'Uttar Pradesh'),
('Sikandrabad', 'Uttar Pradesh'),
('Sikar', 'Rajasthan'),
('Silao', 'Bihar'),
('Silapathar', 'Assam'),
('Silchar', 'Assam'),
('Siliguri', 'West Bengal'),
('Sillod', 'Maharashtra'),
('Silvassa', 'Dadra and Nagar Haveli'),
('Simdega', 'Jharkhand'),
('Sindgi', 'Karnataka'),
('Sindhnur', 'Karnataka'),
('Singapur', 'Andhra Pradesh'),
('Singrauli', 'Madhya Pradesh'),
('Sinnar', 'Maharashtra'),
('Sira', 'Karnataka'),
('Sircilla', 'Andhra Pradesh'),
('Sirhind Fatehgarh Sa', 'Punjab'),
('Sirkali', 'Tamil Nadu'),
('Sirohi', 'Rajasthan'),
('Sironj', 'Madhya Pradesh'),
('Sirsa', 'Haryana'),
('Sirsaganj', 'Uttar Pradesh'),
('Sirsi', 'Karnataka'),
('Siruguppa', 'Karnataka'),
('Sitamarhi', 'Bihar'),
('Sitapur', 'Uttar Pradesh'),
('Sitarganj', 'Uttarakhand'),
('Sivaganga', 'Tamil Nadu'),
('Sivagiri', 'Tamil Nadu'),
('Sivakasi', 'Tamil Nadu'),
('Siwan', 'Bihar'),
('Sohagpur', 'Madhya Pradesh'),
('Sohna', 'Haryana'),
('Sojat', 'Rajasthan'),
('Solan', 'Himachal Pradesh'),
('Solapur', 'Maharashtra'),
('Sonamukhi', 'West Bengal'),
('Sonepur', 'Bihar'),
('Songadh', 'Gujarat'),
('Sonipat', 'Haryana'),
('Sopore', 'Jammu and Kashmir'),
('Soro', 'Orissa'),
('Soron', 'Uttar Pradesh'),
('Soyagaon', 'Maharashtra'),
('Sri Madhopur', 'Rajasthan'),
('Srikakulam', 'Andhra Pradesh'),
('Srikalahasti', 'Andhra Pradesh'),
('Srinagar', 'Jammu and Kashmir'),
('Srinivaspur', 'Karnataka'),
('Srirampore', 'West Bengal'),
('Srivilliputhur', 'Tamil Nadu'),
('Suar', 'Uttar Pradesh'),
('Sugauli', 'Bihar'),
('Sujangarh', 'Rajasthan'),
('Sujanpur', 'Punjab'),
('Sultanganj', 'Bihar'),
('Sultanpur', 'Uttar Pradesh'),
('Sumerpur', 'Rajasthan'),
('Sunabeda', 'Orissa'),
('Sunam', 'Punjab'),
('Sundargarh', 'Orissa'),
('Sundarnagar', 'Himachal Pradesh'),
('Supaul', 'Bihar'),
('Surandai', 'Tamil Nadu'),
('Surat', 'Gujarat'),
('Suratgarh', 'Rajasthan'),
('Suri', 'West Bengal'),
('Suriyampalayam', 'Tamil Nadu'),
('Suryapet', 'Andhra Pradesh'),
('Tadepalligudem', 'Andhra Pradesh'),
('Tadpatri', 'Andhra Pradesh'),
('Taki', 'West Bengal'),
('Talaja', 'Gujarat'),
('Talcher', 'Orissa'),
('Talegaon Dabhade', 'Maharashtra'),
('Talikota', 'Karnataka'),
('Taliparamba', 'Kerala'),
('Talode', 'Maharashtra'),
('Talwara', 'Punjab'),
('Tamluk', 'West Bengal'),
('Tanda', 'Uttar Pradesh'),
('Tandur', 'Andhra Pradesh'),
('Tanuku', 'Andhra Pradesh'),
('Tarakeswar', 'West Bengal'),
('Tarana', 'Madhya Pradesh'),
('Taranagar', 'Rajasthan'),
('Taraori', 'Haryana'),
('Tarikere', 'Karnataka'),
('Tarn Taran', 'Punjab'),
('Tasgaon', 'Maharashtra'),
('Tehri', 'Uttarakhand'),
('Tekkalakota', 'Karnataka'),
('Tenali', 'Andhra Pradesh'),
('Tenkasi', 'Tamil Nadu'),
('Tenu Dam-cum- Kathha', 'Jharkhand'),
('Terdal', 'Karnataka'),
('Tetri Bazar', 'Uttar Pradesh'),
('Tezpur', 'Assam'),
('Thakurdwara', 'Uttar Pradesh'),
('Thammampatti', 'Tamil Nadu'),
('Thana Bhawan', 'Uttar Pradesh'),
('Thanesar', 'Haryana'),
('Thangadh', 'Gujarat'),
('Thanjavur', 'Tamil Nadu'),
('Tharad', 'Gujarat'),
('Tharamangalam', 'Tamil Nadu'),
('Tharangambadi', 'Tamil Nadu'),
('Theni Allinagaram', 'Tamil Nadu'),
('Thirumangalam', 'Tamil Nadu'),
('Thirunindravur', 'Tamil Nadu'),
('Thiruparappu', 'Tamil Nadu'),
('Thirupuvanam', 'Tamil Nadu'),
('Thiruthuraipoondi', 'Tamil Nadu'),
('Thiruvalla', 'Kerala'),
('Thiruvallur', 'Tamil Nadu'),
('Thiruvananthapuram', 'Kerala'),
('Thiruvarur', 'Tamil Nadu'),
('Thodupuzha', 'Kerala'),
('Thoothukudi', 'Tamil Nadu'),
('Thoubal', 'Manipur'),
('Thrissur', 'Kerala'),
('Thuraiyur', 'Tamil Nadu'),
('Tikamgarh', 'Madhya Pradesh'),
('Tilda Newra', 'Chhattisgarh'),
('Tilhar', 'Uttar Pradesh'),
('Tindivanam', 'Tamil Nadu'),
('Tinsukia', 'Assam'),
('Tiptur', 'Karnataka'),
('Tirora', 'Maharashtra'),
('Tiruchendur', 'Tamil Nadu'),
('Tiruchengode', 'Tamil Nadu'),
('Tiruchirappalli', 'Tamil Nadu'),
('Tirukalukundram', 'Tamil Nadu'),
('Tirukkoyilur', 'Tamil Nadu'),
('Tirunelveli', 'Tamil Nadu'),
('Tirupathur', 'Tamil Nadu'),
('Tirupati', 'Andhra Pradesh'),
('Tiruppur', 'Tamil Nadu'),
('Tirur', 'Kerala'),
('Tiruttani', 'Tamil Nadu'),
('Tiruvannamalai', 'Tamil Nadu'),
('Tiruvethipuram', 'Tamil Nadu'),
('Tirwaganj', 'Uttar Pradesh'),
('Titlagarh', 'Orissa'),
('Tittakudi', 'Tamil Nadu'),
('Todabhim', 'Rajasthan'),
('Todaraisingh', 'Rajasthan'),
('Tohana', 'Haryana'),
('Tonk', 'Rajasthan'),
('Tuensang', 'Nagaland'),
('Tuljapur', 'Maharashtra'),
('Tulsipur', 'Uttar Pradesh'),
('Tumkur', 'Karnataka'),
('Tumsar', 'Maharashtra'),
('Tundla', 'Uttar Pradesh'),
('Tuni', 'Andhra Pradesh'),
('Tura', 'Meghalaya'),
('Uchgaon', 'Maharashtra'),
('Udaipur', 'Rajasthan'),
('Udaipurwati', 'Rajasthan'),
('Udgir', 'Maharashtra'),
('Udhagamandalam', 'Tamil Nadu'),
('Udhampur', 'Jammu and Kashmir'),
('Udumalaipettai', 'Tamil Nadu'),
('Udupi', 'Karnataka'),
('Ujhani', 'Madhya Pradesh'),
('Ujjain', 'Madhya Pradesh'),
('Umarga', 'Maharashtra'),
('Umaria', 'Madhya Pradesh'),
('Umarkhed', 'Maharashtra'),
('Umarkote', 'Orissa'),
('Umbergaon', 'Gujarat'),
('Umred', 'Maharashtra'),
('Umreth', 'Gujarat'),
('Una', 'Gujarat'),
('Unjha', 'Gujarat'),
('Unnamalaikadai', 'Tamil Nadu'),
('Unnao', 'Uttar Pradesh'),
('Upleta', 'Gujarat'),
('Uran', 'Maharashtra'),
('Uran Islampur', 'Maharashtra'),
('Uravakonda', 'Andhra Pradesh'),
('Urmar Tanda', 'Punjab'),
('Usilampatti', 'Tamil Nadu'),
('Uthamapalayam', 'Tamil Nadu'),
('Uthiramerur', 'Tamil Nadu'),
('Utraula', 'Uttar Pradesh'),
('Vadakara', 'Kerala'),
('Vadakkuvalliyur', 'Tamil Nadu'),
('Vadalur', 'Tamil Nadu'),
('Vadgaon Kasba', 'Maharashtra'),
('Vadipatti', 'Tamil Nadu'),
('Vadnagar', 'Gujarat'),
('Vadodara', 'Gujarat'),
('Vaijapur', 'Maharashtra'),
('Vaikom', 'Kerala'),
('Valparai', 'Tamil Nadu'),
('Valsad', 'Gujarat'),
('Vandavasi', 'Tamil Nadu'),
('Vaniyambadi', 'Tamil Nadu'),
('Vapi', 'Gujarat'),
('Varanasi', 'Uttar Pradesh'),
('Varkala', 'Kerala'),
('Vasai', 'Maharashtra'),
('Vedaranyam', 'Tamil Nadu'),
('Vellakoil', 'Tamil Nadu'),
('Vellore', 'Tamil Nadu'),
('Venkatagiri', 'Andhra Pradesh'),
('Veraval', 'Gujarat'),
('Vicarabad', 'Andhra Pradesh'),
('Vidisha', 'Madhya Pradesh'),
('Vijainagar', 'Rajasthan'),
('Vijapur', 'Gujarat'),
('Vijayapura', 'Karnataka'),
('Vijayawada', 'Andhra Pradesh'),
('Vikramasingapuram', 'Tamil Nadu'),
('Viluppuram', 'Tamil Nadu'),
('Vinukonda', 'Andhra Pradesh'),
('Viramgam', 'Gujarat'),
('Virar', 'Maharashtra'),
('Virudhachalam', 'Tamil Nadu'),
('Virudhunagar', 'Tamil Nadu'),
('Visakhapatnam', 'Andhra Pradesh'),
('Visnagar', 'Gujarat'),
('Viswanatham', 'Tamil Nadu'),
('Vita', 'Maharashtra'),
('Vizianagaram', 'Andhra Pradesh'),
('Vrindavan', 'Uttar Pradesh'),
('Vyara', 'Gujarat'),
('Wadgaon Road', 'Maharashtra'),
('Wadhwan', 'Gujarat'),
('Wadi', 'Karnataka'),
('Wai', 'Maharashtra'),
('Wanaparthy', 'Andhra Pradesh'),
('Wani', 'Maharashtra'),
('Wankaner', 'Gujarat'),
('Wara Seoni', 'Madhya Pradesh'),
('Warangal', 'Andhra Pradesh'),
('Wardha', 'Maharashtra'),
('Warhapur', 'Uttar Pradesh'),
('Warisaliganj', 'Bihar'),
('Warora', 'Maharashtra'),
('Warud', 'Maharashtra'),
('Washim', 'Maharashtra'),
('Wokha', 'Nagaland'),
('Yadgir', 'Karnataka'),
('Yamunanagar', 'Haryana'),
('Yanam', 'Pondicherry'),
('Yavatmal', 'Maharashtra'),
('Yawal', 'Maharashtra'),
('Yellandu', 'Andhra Pradesh'),
('Yemmiganur', 'Andhra Pradesh'),
('Yerraguntla', 'Andhra Pradesh'),
('Yevla', 'Maharashtra'),
('Zahirabad', 'Andhra Pradesh'),
('Zaidpur', 'Uttar Pradesh'),
('Zamania', 'Uttar Pradesh'),
('Zira', 'Punjab'),
('Zirakpur', 'Punjab'),
('Zunheboto', 'Nagaland');

-- --------------------------------------------------------

--
-- Table structure for table `tax`
--

CREATE TABLE `tax` (
  `Category_ID` int(11) NOT NULL,
  `CGST` float DEFAULT NULL,
  `SGST` float DEFAULT NULL
) ENGINE=InnoDB DEFAULT CHARSET=latin1;

--
-- Dumping data for table `tax`
--

INSERT INTO `tax` (`Category_ID`, `CGST`, `SGST`) VALUES
(1, 2.5, 2.5),
(2, 9, 9),
(3, 14, 14);

--
-- Indexes for dumped tables
--

--
-- Indexes for table `addresses`
--
ALTER TABLE `addresses`
  ADD PRIMARY KEY (`Address_ID`),
  ADD KEY `addresses_fk1` (`Customer_ID`),
  ADD KEY `addresses_fk2` (`PINCode`);

--
-- Indexes for table `admin`
--
ALTER TABLE `admin`
  ADD PRIMARY KEY (`id`),
  ADD UNIQUE KEY `username` (`username`);

--
-- Indexes for table `belongs_to`
--
ALTER TABLE `belongs_to`
  ADD PRIMARY KEY (`Shelf`),
  ADD KEY `belongs_to_fk_1` (`Section`);

--
-- Indexes for table `billing`
--
ALTER TABLE `billing`
  ADD PRIMARY KEY (`Bill_ID`),
  ADD KEY `billing_fk_2` (`Address`),
  ADD KEY `billing_fk_1` (`Customer_ID`);

--
-- Indexes for table `cities`
--
ALTER TABLE `cities`
  ADD PRIMARY KEY (`PIN`),
  ADD KEY `cities_fk` (`City`);

--
-- Indexes for table `customer`
--
ALTER TABLE `customer`
  ADD PRIMARY KEY (`Customer_ID`),
  ADD UNIQUE KEY `Phone_No` (`Phone_No`);

--
-- Indexes for table `inventory`
--
ALTER TABLE `inventory`
  ADD PRIMARY KEY (`PID`),
  ADD UNIQUE KEY `PCode` (`PCode`),
  ADD KEY `inventory_fk_1` (`Tax_category`),
  ADD KEY `inventory_fk_2` (`Shelf`);

--
-- Indexes for table `orders`
--
ALTER TABLE `orders`
  ADD PRIMARY KEY (`Bill_ID`,`Product_ID`),
  ADD KEY `orders_fk_2_idx` (`Product_ID`);

--
-- Indexes for table `sections`
--
ALTER TABLE `sections`
  ADD PRIMARY KEY (`ID`);

--
-- Indexes for table `states`
--
ALTER TABLE `states`
  ADD PRIMARY KEY (`City`);

--
-- Indexes for table `tax`
--
ALTER TABLE `tax`
  ADD PRIMARY KEY (`Category_ID`);

--
-- AUTO_INCREMENT for dumped tables
--

--
-- AUTO_INCREMENT for table `addresses`
--
ALTER TABLE `addresses`
  MODIFY `Address_ID` int(11) NOT NULL AUTO_INCREMENT, AUTO_INCREMENT=13;

--
-- AUTO_INCREMENT for table `admin`
--
ALTER TABLE `admin`
  MODIFY `id` int(11) NOT NULL AUTO_INCREMENT, AUTO_INCREMENT=3;

--
-- AUTO_INCREMENT for table `billing`
--
ALTER TABLE `billing`
  MODIFY `Bill_ID` int(11) NOT NULL AUTO_INCREMENT, AUTO_INCREMENT=23;

--
-- AUTO_INCREMENT for table `customer`
--
ALTER TABLE `customer`
  MODIFY `Customer_ID` int(11) NOT NULL AUTO_INCREMENT, AUTO_INCREMENT=9;

--
-- AUTO_INCREMENT for table `inventory`
--
ALTER TABLE `inventory`
  MODIFY `PID` int(11) NOT NULL AUTO_INCREMENT, AUTO_INCREMENT=39;

--
-- AUTO_INCREMENT for table `orders`
--
ALTER TABLE `orders`
  MODIFY `Bill_ID` int(11) NOT NULL AUTO_INCREMENT, AUTO_INCREMENT=23;

--
-- Constraints for dumped tables
--

--
-- Constraints for table `addresses`
--
ALTER TABLE `addresses`
  ADD CONSTRAINT `addresses_fk1` FOREIGN KEY (`Customer_ID`) REFERENCES `customer` (`Customer_ID`) ON DELETE CASCADE ON UPDATE CASCADE,
  ADD CONSTRAINT `addresses_fk2` FOREIGN KEY (`PINCode`) REFERENCES `cities` (`PIN`) ON DELETE SET NULL ON UPDATE CASCADE;

--
-- Constraints for table `belongs_to`
--
ALTER TABLE `belongs_to`
  ADD CONSTRAINT `belongs_to_fk_1` FOREIGN KEY (`Section`) REFERENCES `sections` (`ID`) ON DELETE SET NULL ON UPDATE CASCADE;

--
-- Constraints for table `billing`
--
ALTER TABLE `billing`
  ADD CONSTRAINT `billing_fk_1` FOREIGN KEY (`Customer_ID`) REFERENCES `customer` (`Customer_ID`) ON DELETE SET NULL ON UPDATE CASCADE,
  ADD CONSTRAINT `billing_fk_2` FOREIGN KEY (`Address`) REFERENCES `addresses` (`Address_ID`) ON DELETE SET NULL ON UPDATE CASCADE;

--
-- Constraints for table `cities`
--
ALTER TABLE `cities`
  ADD CONSTRAINT `cities_fk` FOREIGN KEY (`City`) REFERENCES `states` (`City`) ON DELETE CASCADE ON UPDATE CASCADE;

--
-- Constraints for table `inventory`
--
ALTER TABLE `inventory`
  ADD CONSTRAINT `inventory_fk_1` FOREIGN KEY (`Tax_category`) REFERENCES `tax` (`Category_ID`) ON DELETE SET NULL ON UPDATE CASCADE,
  ADD CONSTRAINT `inventory_fk_2` FOREIGN KEY (`Shelf`) REFERENCES `belongs_to` (`Shelf`) ON DELETE SET NULL ON UPDATE CASCADE;

--
-- Constraints for table `orders`
--
ALTER TABLE `orders`
  ADD CONSTRAINT `orders_fk_1` FOREIGN KEY (`Bill_ID`) REFERENCES `billing` (`Bill_ID`) ON DELETE CASCADE ON UPDATE CASCADE,
  ADD CONSTRAINT `orders_fk_2` FOREIGN KEY (`Product_ID`) REFERENCES `inventory` (`PID`) ON DELETE CASCADE ON UPDATE CASCADE;
COMMIT;

/*!40101 SET CHARACTER_SET_CLIENT=@OLD_CHARACTER_SET_CLIENT */;
/*!40101 SET CHARACTER_SET_RESULTS=@OLD_CHARACTER_SET_RESULTS */;
/*!40101 SET COLLATION_CONNECTION=@OLD_COLLATION_CONNECTION */;
